Date,Event Category,Event Description,WTI Close,Daily Chg(%),3-Day Chg(%),7-Day Chg (%),30-Day Chg (%)
2024-10-01,Geopolitical Tension,,70.41,,,,
2024-10-02,Geopolitical Tension,,70.74,0.4686834256497633,,,
2024-10-03,Geopolitical Tension,,74.33,5.074922250494775,,,
2024-10-04,Geopolitical Tension,,74.93,0.8072110856989217,6.419542678596805,,
2024-10-07,Geopolitical Tension,1 year Hamas attack anniversary; Elevated regional risk premium,77.76,3.776858401174427,9.923664122137419,,
2024-10-08,Geopolitical Tension,,74.26,-4.501028806584362,-0.09417462666486369,,
2024-10-09,Geopolitical Tension,,73.85,-0.5521141933746442,-1.4413452555718835,,
2024-10-10,Geopolitical Tension,,76.46,3.534190927555856,-1.671810699588492,8.5925294702457,
2024-10-11,Geopolitical Tension,,76.11,-0.45775568924927323,2.4912469701050286,7.591178965224773,
2024-10-15,Geopolitical Tension,,71.22,-6.424911312573907,-3.5612728503723705,-4.184044127539351,
2024-10-16,Geopolitical Tension,,70.97,-0.35102499297950013,-7.180224954224425,-5.284932603763523,
2024-10-17,Geopolitical Tension,,71.26,0.40862336198394567,-6.372355800814603,-8.359053497942387,
2024-10-18,Geopolitical Tension,,69.78,-2.0769014875105305,-2.0219039595619175,-6.032857527605715,
2024-10-21,Geopolitical Tension,,71.16,1.9776440240756599,0.2677187544032658,-3.6425186188219336,
2024-10-22,Geopolitical Tension,,72.84,2.3608768971332306,2.2172326690990714,-4.7345017002354055,
2024-10-23,Geopolitical Tension,,71.37,-2.01812191103789,2.278589853826316,-6.227828143476541,
2024-10-24,Geopolitical Tension,,70.58,-1.1069076642847222,-0.8150646430578954,-0.8986239820275213,
2024-10-25,Geopolitical Tension,,72.02,2.0402380277699033,-1.1257550796265887,1.4794983795970087,
2024-10-28,Geopolitical Tension,,67.65,-6.067758955845585,-5.212274064733079,-5.065955655346617,
2024-10-29,Geopolitical Tension,,67.48,-0.25129342202513183,-4.392179087560208,-3.2960733734594396,
2024-10-30,Geopolitical Tension,,68.91,2.119146413752212,-4.318244931963343,-3.1618887015177064,
2024-10-31,Geopolitical Tension,,69.58,0.972282687563491,2.852919438285281,-4.47556287753982,
2024-11-01,Geopolitical Tension,,69.81,0.33055475711411897,3.452874925903969,-2.1857923497267793,
2024-11-04,Geopolitical Tension,,71.83,2.8935682566967427,4.237411115948341,1.7710399546613773,
2024-11-05,Geopolitical Tension,,72.26,0.5986356675483876,3.8516815176775037,0.3332407664537755,
2024-11-06,Geopolitical Tension,,71.98,-0.38748962081372973,3.1084371866494798,6.400591278640055,
2024-11-07,Geopolitical Tension,,72.69,0.9863851069741507,1.1972713350967554,7.720806164789558,
2024-11-08,Geopolitical Tension,,70.69,-2.7514100976750586,-2.1727096595627002,2.583079378900016,
2024-11-12,Geopolitical Tension,,68.43,-3.1970575753288886,-4.931925534870793,-1.6527737855705542,-2.8121005538985795
2024-11-13,Geopolitical Tension,,68.76,0.48224462954844116,-5.4065208419314805,-1.5040825096690977,-2.798982188295151
2024-11-14,Geopolitical Tension,,68.99,0.33449680046537195,-2.4048663177252836,-3.953779757761386,-7.1841786627203055
2024-11-15,Geopolitical Tension,,67.33,-2.406145818234522,-1.6074820984948244,-6.822585109327438,-10.142799946616853
2024-11-18,Geopolitical Tension,,69.46,3.163522946680522,1.018033740546813,-3.5009724923590024,-10.673868312757216
2024-11-19,Geopolitical Tension,,69.75,0.41750647854881406,1.1016089288302726,-4.0445728435823325,-6.073256127120933
2024-11-20,Geopolitical Tension,,69.25,-0.7168458781362007,2.8516263181345636,-2.037063233837881,-6.228842247799586
2024-11-21,Geopolitical Tension,,70.39,1.6462093862815892,1.3389000863806606,2.8642408300452926,-7.938791524980374
2024-11-22,Geopolitical Tension,,71.68,1.8326466827674475,2.7670250896057444,4.246655031995348,-5.820522927341995
2024-11-25,Geopolitical Tension,,69.41,-3.1668526785714426,0.2310469314079373,0.6087838817219913,-2.541420949171584
2024-11-26,Geopolitical Tension,,69.05,-0.5186572539979821,-1.903679499928972,2.5545819099955427,-2.7053684655488257
2024-11-27,Geopolitical Tension,,69.03,-0.028964518464874762,-3.6969866071428643,-0.6190613302620107,-3.1293853494246475
2024-11-29,Geopolitical Tension,,68.26,-1.1154570476604317,-1.6568217836046557,-2.1362007168458708,-2.178274577242757
2024-12-02,Geopolitical Tension,,68.35,0.13184881336066392,-1.0137581462708223,-1.2996389891696833,-3.948847667228784
2024-12-03,Geopolitical Tension,,70.15,2.6335040234089413,1.6224829784151882,-0.3409575223753301,-3.6930258099945052
2024-12-04,Geopolitical Tension,,68.81,-1.9101924447612308,0.8057427483152609,-4.003906250000006,-3.5869412918593273
2024-12-05,Geopolitical Tension,,68.58,-0.3342537421886411,0.3365032918800351,-1.1957931133842363,-2.8336639274582036
2024-12-06,Geopolitical Tension,,68.58,0.0,-2.238061297220253,-0.6806661839246907,-4.776450985837265
2024-12-09,Geopolitical Tension,,68.65,0.10207057451153018,-0.23252434239208922,-0.5504852962480015,1.4781966001478195
2024-12-10,Geopolitical Tension,,68.85,0.29133284777857044,0.393700787401569,0.8643422209199959,2.0302311796087587
2024-12-11,Geopolitical Tension,,70.57,2.498184458968771,2.9017206182560438,3.2479882955376724,2.4089391960528177
2024-12-12,Geopolitical Tension,,70.25,-0.45345047470595606,2.330662782228688,0.14255167498217292,0.9629203794193759
2024-12-13,Geopolitical Tension,,71.54,1.8362989323843504,3.90704429920118,3.9674465920651123,2.4781549921214783
2024-12-16,Geopolitical Tension,,71.03,-0.7128878948839881,0.651835057389837,3.572470107903183,-1.113740776834188
2024-12-17,Geopolitical Tension,,70.31,-1.013656201604954,0.08540925266904238,2.522601341498985,-2.6985884306670394
2024-12-18,Geopolitical Tension,,70.8,0.6969136680415231,-1.0343863572826517,3.131828113619798,-1.6393442622950913
2024-12-19,Geopolitical Tension,,70.1,-0.9887005649717555,-1.3093059270730774,1.815541031227306,-3.5630760764892058
2024-12-20,Geopolitical Tension,,69.71,-0.5563480741797441,-0.8533636751529063,-1.2186481507722822,-1.3863347008063431
2024-12-23,Geopolitical Tension,,69.5,-0.30124802754266783,-1.8361581920903913,-1.0676156583629894,1.5636416776267617
2024-12-24,Geopolitical Tension,,70.87,1.9712230215827404,1.0984308131241232,-0.9365389991613106,3.0686445607911566
2024-12-26,Geopolitical Tension,,70.38,-0.6914068011852816,0.9611246593028285,-0.915106293115593,2.0147847514132495
2024-12-27,Geopolitical Tension,,71.28,1.2787723785166323,2.5611510791366925,1.3796046081638442,5.866627060745586
2024-12-30,Geopolitical Tension,,71.73,0.6313131313131353,1.2134894877945526,1.313559322033908,3.2680679527785923
2024-12-31,Geopolitical Tension,,72.44,0.9898229471629635,2.926967888604721,3.3380884450784647,3.8566308243727567
2025-01-02,Geopolitical Tension,,73.79,1.8636112644947662,3.5213243546576947,5.852818820829167,6.55595667870037
2025-01-03,Geopolitical Tension,,74.64,1.1519176040113759,4.0568799665411905,7.39568345323741,6.037789458729933
2025-01-06,Geopolitical Tension,,74.31,-0.4421221864951746,2.58144671452237,4.85395795117821,3.669084821428565
2025-01-07,Geopolitical Tension,,74.99,0.9150854528327177,1.6262366174278204,6.550156294401818,8.039187436968733
2025-01-08,Geopolitical Tension,,73.99,-1.3335111348179758,-0.8708467309753559,3.801907968574626,7.154236060825486
2025-01-10,Geopolitical Tension,,77.27,4.433031490741994,3.9833131476248065,7.723407221525153,11.936839055483116
2025-01-13,Geopolitical Tension,,79.57,2.97657564384625,6.107480997466327,9.842628382109325,16.56900087899207
2025-01-14,Geopolitical Tension,,78.2,-1.721754430061569,5.689958102446288,5.976419569047291,14.411119239209963
2025-01-15,Geopolitical Tension,,80.73,3.2352941176470598,4.477805099003505,8.159163987138268,15.08196721311475
2025-01-16,Geopolitical Tension,,79.35,-1.7094017094017213,-0.27648611285660285,6.782398062171971,15.317541055079193
2025-01-17,Geopolitical Tension,,78.56,-0.9955891619407587,0.4603580562659839,4.760634751300183,14.552347623213771
2025-01-21,Policy Uncertainty,Trump inauguration; policy uncertainty,76.79,-2.2530549898166954,-4.8804657500309645,3.7842951750236677,11.971420239136785
2025-01-22,Policy Uncertainty,,76.12,-0.872509441333509,-4.070573408947688,-1.4882878219231157,10.881281864530223
2025-01-23,Policy Uncertainty,,75.03,-1.431949553336841,-4.49338085539715,-5.705667965313551,8.976034858387811
2025-01-24,Policy Uncertainty,,74.97,-0.07996801279488507,-2.370100273473118,-4.130434782608701,6.234944027207037
2025-01-27,Policy Uncertainty,,73.51,-1.9474456449246285,-3.428796636889121,-8.943391552087203,4.640569395017801
2025-01-28,Policy Uncertainty,,74.15,0.8706298462794184,-1.172864187658264,-6.553245116572135,3.648308638523902
2025-01-29,Policy Uncertainty,,72.94,-1.6318273769386487,-2.7077497665732975,-7.153767820773936,2.6890046459242525
2025-01-30,Policy Uncertainty,,73.1,0.2193583767480074,-0.5577472452727666,-4.805313191821867,3.9681410894609472
2025-01-31,Policy Uncertainty,,72.84,-0.35567715458275095,-1.7666891436277845,-4.308985811875987,2.881355932203399
2025-02-03,Policy Uncertainty,,73.52,0.9335529928610552,0.7951741157115414,-2.0125283220045382,4.878744650499289
2025-02-04,Policy Uncertainty,,73.04,-0.6528835690968305,-0.08207934336523676,-2.5743630785647493,4.7769330081767505
2025-02-05,Policy Uncertainty,,71.39,-2.259036144578321,-1.9906644700713931,-2.8839613658005776,2.7194244604316555
2025-02-06,Policy Uncertainty,,70.97,-0.5883176915534413,-3.468443960826982,-4.288604180714777,0.14110342881331214
2025-02-07,Policy Uncertainty,,71.32,0.4931661265323296,-2.3548740416210476,-2.2210035645736284,1.3356067064506931
2025-02-10,Policy Uncertainty,,72.73,1.9770050476724774,1.8770135873371667,-0.5061559507523807,2.0342312008978714
2025-02-11,Policy Uncertainty,,73.67,1.2924515330675068,3.804424404678037,1.1394838001098273,2.704586644360794
2025-02-12,Policy Uncertainty,,71.72,-2.6469390525315633,0.5608524957936143,-2.448313384113163,-0.9939260077305341
2025-02-13,Policy Uncertainty,,71.66,-0.083658672615731,-1.4711948301938778,-1.8893756845564207,-2.8865699959344213
2025-02-14,Policy Uncertainty,,71.05,-0.8512419759977664,-3.556400162888563,-0.47625717887659813,-4.809753483386928
2025-02-18,Policy Uncertainty,,72.21,1.6326530612244852,0.6832124930284368,1.7472171340002747,-2.8259991925716705
2025-02-19,Policy Uncertainty,,72.58,0.5123944052070414,1.2838403572425365,1.766685361749867,-3.213761834911317
2025-02-20,Policy Uncertainty,,72.88,0.4133370074400622,2.5756509500351843,0.20624226591501646,-1.5002027300986613
2025-02-21,Policy Uncertainty,,70.72,-2.9637760702524654,-2.063426118266161,-4.00434369485544,-8.476769768344763
2025-02-24,Policy Uncertainty,,71.06,0.48076923076923556,-2.0942408376963297,-0.9202453987730014,-10.694985547316817
2025-02-25,Policy Uncertainty,,69.15,-2.687869406135655,-5.118002195389668,-3.502651409433423,-11.572890025575443
2025-02-26,Policy Uncertainty,,68.87,-0.404916847433118,-2.615950226244336,-3.0682617874736,-14.690945125727733
2025-02-27,Policy Uncertainty,,70.62,2.5410193117467688,-0.6191950464396252,-2.201911092646433,-11.00189035916823
2025-02-28,Policy Uncertainty,,69.97,-0.9204191447182181,1.185827910339831,-3.5960319647285743,-10.93431771894094
2025-03-03,Policy Uncertainty,,68.63,-1.9151064742032347,-0.34848264846814153,-5.831503841931943,-10.62638364370362
2025-03-04,Policy Uncertainty,,68.47,-0.23313419787264547,-3.0444633248371646,-3.1815610859728505,-10.049921177088814
2025-03-05,Policy Uncertainty,,66.58,-2.7603329925514832,-4.844933542946978,-6.304531381930769,-11.262161801945892
2025-03-06,Policy Uncertainty,,66.62,0.06007810153200098,-2.9287483607751583,-3.658712942877803,-11.137788448712811
2025-03-07,Policy Uncertainty,,67.29,1.005703992794959,-1.7233825032860999,-2.294177435748509,-8.46143381852809
2025-03-10,Policy Uncertainty,,66.31,-1.456382820627142,-0.4055271853409373,-6.103086944208442,-10.573162508428863
2025-03-11,Policy Uncertainty,,66.52,0.31669431458300973,-0.15010507355149882,-4.930684579105335,-8.801754867013987
2025-03-12,Policy Uncertainty,,67.65,1.6987372218881684,0.5349977708426207,-1.4279469619699692,-7.45554035567714
2025-03-13,Policy Uncertainty,,66.82,-1.2269031781227087,0.7691147639873185,-2.409814517306858,-8.264689730917093
2025-03-14,Policy Uncertainty,,67.43,0.9129003292427622,1.3680096211665829,1.2766596575548341,-8.283460282916199
2025-03-17,Policy Uncertainty,,67.84,0.6080379652973403,0.2808573540280824,1.831281897328128,-7.11938663745893
2025-03-18,Policy Uncertainty,,67.49,-0.5159198113207673,1.0026938042502271,0.29722098380143946,-5.462949992996226
2025-03-19,Policy Uncertainty,,67.4,-0.13335308934655385,-0.04449058282663671,1.6437942995023425,-5.030294490629834
2025-03-20,Policy Uncertainty,,68.55,1.7062314540059218,1.046580188679236,3.05171377029465,-3.883903533370718
2025-03-21,Policy Uncertainty,,68.52,-0.04376367614879816,1.5261520225218568,1.2860310421285888,-5.788532930015135
2025-03-24,Policy Uncertainty,,69.46,1.3718622300058345,3.056379821958439,3.950912900329244,-5.7146735441835315
2025-03-25,Policy Uncertainty,,69.48,0.02879355024475991,1.3566739606127014,3.0401898264867224,-3.1232571109871654
2025-03-26,Policy Uncertainty,,70.05,0.8203799654576759,2.232924693520142,3.2576650943396133,-2.2467206251744343
2025-03-27,Policy Uncertainty,,70.3,0.3568879371877231,1.2093291102793025,4.1635797895984625,-1.0555946516537649
2025-03-28,Policy Uncertainty,,69.74,-0.7965860597439577,0.3742084052964751,3.4718100890207557,-3.4205788671929085
2025-03-31,Policy Uncertainty,,71.87,3.0542013191855606,2.5981441827266347,4.843180160466823,-0.9782309176081478
2025-04-01,Policy Uncertainty,,71.61,-0.3617642966467304,1.8634423897581827,4.509632224168132,-1.7425905598243634
2025-04-02,Policy Uncertainty,,72.12,0.712191034771687,3.4126756524233004,3.8295421825511244,1.979638009049782
2025-04-03,Policy Uncertainty,,67.43,-6.503050471436492,-6.17782106581327,-2.950489349453076,-5.108359133126929
2025-04-04,Policy Uncertainty,,62.42,-7.429927332048057,-12.833403155983797,-10.892219842969302,-9.732465654374552
2025-04-07,Policy Uncertainty,,61.05,-2.194809355975656,-15.349417637271223,-13.157894736842104,-11.354726295919859
2025-04-08,Policy Uncertainty,,60.04,-1.6543816543816512,-10.959513569627772,-13.908804129624313,-14.981591617105641
2025-04-09,Policy Uncertainty,,62.63,4.313790806129253,0.33643063120794753,-12.856546542368166,-10.490210090038584
2025-04-10,Policy Uncertainty,,60.57,-3.2891585502155554,-0.7862407862407812,-15.416841223292835,-11.74413521783476
2025-04-11,Policy Uncertainty,,61.91,2.212316328215282,3.1145902731512285,-14.15696062118692,-9.580838323353296
2025-04-14,Policy Uncertainty,,61.99,0.1292198352447188,-1.0218745010378423,-8.067625685896491,-6.893962150796029
2025-04-15,Policy Uncertainty,,61.74,-0.40329085336344567,1.9316493313521574,-1.0893944248638252,-7.325127589312522
2025-04-16,Policy Uncertainty,,62.88,1.846452866861031,1.5667905023421191,2.9975429975430066,-6.553722692822118
2025-04-17,Policy Uncertainty,,65.07,3.482824427480901,4.968543313437636,8.377748167888065,-1.8700045242045076
2025-04-21,Policy Uncertainty,,63.48,-2.443522360534803,2.8182701652089324,1.3571770716908738,-4.570054119061935
2025-04-22,Policy Uncertainty,,64.6,1.7643352236924976,2.735368956742989,6.653458807990745,-4.508499630450866
2025-04-23,Policy Uncertainty,,62.64,-3.03405572755417,-3.734439834024885,1.179130996607986,-6.255612092187958
2025-04-24,Policy Uncertainty,,63.55,1.452745849297568,0.1102709514807818,2.5165349249878934,-5.754115378911478
2025-04-25,Policy Uncertainty,,63.85,0.4720692368214072,-1.1609907120742926,3.4175574991901514,-5.881485849056607
2025-04-28,Policy Uncertainty,,63.3,-0.8613938919342276,1.0536398467432895,0.6679389312977013,-6.208327159579194
2025-04-29,Policy Uncertainty,,61.84,-2.3064770932069414,-2.690794649881973,-4.9638850468725835,-8.24925816023739
2025-04-30,Policy Uncertainty,,59.55,-3.703104786545935,-6.7345340642130065,-6.190926275992439,-13.12910284463895
2025-05-01,Policy Uncertainty,,60.59,1.7464315701091626,-4.281200631911522,-6.207430340557262,-11.573263280793919
2025-05-02,Policy Uncertainty,,59.67,-1.5184023766298096,-3.509055627425617,-4.741379310344826,-14.094442844802755
2025-05-05,Policy Uncertainty,,58.5,-1.960784313725493,-1.7632241813601968,-7.946498819826904,-15.803108808290162
2025-05-06,Policy Uncertainty,,60.42,3.2820512820512846,-0.2805743522033367,-5.371965544244322,-13.747323340471084
2025-05-07,Policy Uncertainty,,59.42,-1.6550810989738496,-0.41897100720630126,-6.129541864139014,-15.47652916073968
2025-05-08,Policy Uncertainty,,61.25,3.079771120834733,4.700854700854701,-0.9540750323415319,-12.173788356753649
2025-05-09,Policy Uncertainty,,62.37,1.8285714285714245,3.227408142999,4.735516372795971,-13.218310839014896
2025-05-12,Policy Uncertainty,,63.32,1.523168189834861,6.56344665095927,4.505694008912356,-11.57659544756319
2025-05-13,Policy Uncertainty,,65.04,2.7163613392293207,6.187755102040827,8.99949723479136,-9.816971713810313
2025-05-14,Policy Uncertainty,,64.48,-0.8610086100861043,3.3830367163700603,10.222222222222229,-4.3749073112857815
2025-05-15,Policy Uncertainty,,63.03,-2.2487593052109225,-0.4579911560328477,4.319761668321747,0.9772508811278428
2025-05-16,Policy Uncertainty,,63.84,1.2851023322227546,-1.845018450184506,7.438572871087179,4.5700245700245805
2025-05-19,Policy Uncertainty,,63.98,0.21929824561402483,-0.7754342431761896,4.457142857142852,6.562291805463021
2025-05-20,Policy Uncertainty,,63.97,-0.015629884338852783,1.491353323814053,2.5653358986692343,2.1395497365479743
2025-05-21,Policy Uncertainty,,62.93,-1.6257620759731113,-1.4254385964912337,-0.6159191408717634,3.896318309394089
2025-05-22,Policy Uncertainty,,62.55,-0.6038455426664588,-2.2350734604563924,-3.828413284132855,1.0337586819576816
2025-05-23,Policy Uncertainty,,62.89,0.5435651478817002,-1.6882913865874605,-2.465880893300253,1.4518470721084022
2025-05-27,Policy Uncertainty,,61.61,-2.035299729686756,-2.0975687271571593,-2.252895446612727,-0.2105604146420514
2025-05-28,Policy Uncertainty,,62.54,1.509495211816263,-0.015987210231811367,-2.036340852130332,-0.5407124681933897
2025-05-29,Policy Uncertainty,,61.66,-1.4070994563479413,-1.955795833995872,-3.6261331666145673,-5.240510219763327
2025-05-30,Policy Uncertainty,,61.46,-0.3243593902043395,-0.24346696964778217,-3.9237142410504897,-3.1821045998739703
2025-06-02,Policy Uncertainty,,63.27,2.9450048812235634,1.167252958106818,0.5402828539647281,-2.058823529411751
2025-06-03,Policy Uncertainty,,64.1,1.311838153943403,3.9571845604930225,2.4780175859312505,2.330779054916976
2025-06-04,Policy Uncertainty,,63.57,-0.8268330733229237,3.4331272372274637,1.0812529813960878,0.03147128245476495
2025-06-05,Policy Uncertainty,,64.06,0.770803838288504,1.2486170380907209,3.976627170913817,0.3288958496476129
2025-06-06,Policy Uncertainty,,65.3,1.9356852950358958,1.8720748829953244,4.41317556763671,3.1595576619273307
2025-06-09,Policy Uncertainty,,65.99,1.0566615620214361,3.8068271197105465,7.0223807979240975,6.710866752910722
2025-06-10,Policy Uncertainty,,65.66,-0.500075769055915,2.497658445207609,6.833712984054663,10.260285474391267
2025-06-11,Policy Uncertainty,,68.91,4.949741090466038,5.52833078101072,8.914177335229956,13.731638884304328
2025-06-12,Policy Uncertainty,,68.73,-0.26121027427077725,4.152144264282481,7.223088923556959,15.183509301156365
2025-06-13,Military Escalation,Israel Strikes Iran,73.84,7.4348901498617765,12.458117575388375,16.15541922290389,26.22222222222223
2025-06-16,Military Escalation,,72.53,-1.7741061755146292,5.253228849223632,13.221979394317826,20.043032108573318
2025-06-17,Military Escalation,,75.62,4.260306080242663,10.024734468208933,15.803981623277194,27.2635476270616
2025-06-18,Military Escalation,,75.89,0.3570483998942026,2.776273022751892,15.002273071677536,23.90204081632653
2025-06-20,Military Escalation,,75.72,-0.22400843325866612,4.3981800634220285,15.321352421565646,21.404521404521407
2025-06-23,Military Escalation,Iran threatens Hormuz Closure,69.36,-8.399366085578446,-8.27823327162127,0.653025685676974,9.53885028427037
2025-06-24,De-escalation,US brokered ceasefire reached,65.45,-5.637254901960779,-13.756753195414412,-4.772297395605996,0.6303813038130328
2025-06-25,De-escalation,,65.98,0.8097784568372821,-12.863180137348118,-10.644637053087756,2.326302729528536
2025-06-26,De-escalation,,66.44,0.6971809639284536,-4.209919261822378,-8.396525575623883,5.41012216404886
2025-06-27,De-escalation,,66.66,0.33112582781456784,1.8487394957983097,-11.848717270563352,4.417293233082696
2025-06-30,De-escalation,,66.3,-0.5400540054005393,0.48499545316761616,-12.6367110291211,3.6261331666145673
2025-07-01,De-escalation,,66.64,0.512820512820518,0.30102347983143113,-11.991547807712623,4.173831483507897
2025-07-02,De-escalation,,68.66,3.0312124849939917,3.0003000300030007,-1.0092272202998889,9.105355156523116
2025-07-03,De-escalation,,68.13,-0.7719196038450351,2.7601809954751104,4.094728800611143,8.920863309352516
2025-07-07,De-escalation,,69.16,1.5118156465580526,3.781512605042011,4.819642315853277,9.969788519637456
2025-07-08,De-escalation,,69.55,0.563909774436091,1.2962423536265666,4.680915111378687,12.88751826002272
2025-07-09,De-escalation,,69.61,0.08626887131560357,2.1723176280640013,4.42544254425443,11.304764950431725
2025-07-10,De-escalation,,67.78,-2.628932624622897,-1.9953730480046203,2.2322775263951793,9.925397340253008
2025-07-11,De-escalation,,69.63,2.729418707583349,0.11502516175413127,4.486794717887147,13.293198828506336
2025-07-14,De-escalation,,68.19,-2.068074105988795,-2.0399367906909953,-0.6845324788814432,7.776197249881451
2025-07-15,De-escalation,,67.76,-0.6305909957471661,-0.029507229271165565,-0.5430794070159847,5.7098283931357425
2025-07-16,De-escalation,,67.13,-0.9297520661157167,-3.59040643400833,-2.935222672064779,5.600125845524611
2025-07-17,De-escalation,,68.76,2.4281245344853417,0.8358996920369665,-1.135873472322059,7.336871682797382
2025-07-18,De-escalation,,68.53,-0.33449680046539265,1.1363636363636302,-1.5515012210889216,4.946401225114861
2025-07-21,De-escalation,,68.39,-0.2042900919305422,1.8769551616267022,0.8999704927707279,3.6369146840430457
2025-07-22,De-escalation,,67.56,-1.2136277233513646,-1.7452006980802834,-2.9728565273588874,2.8936947913493842
2025-07-23,De-escalation,,66.05,-2.235050325636479,-3.6188530570553104,-3.1382900718580444,-4.150341024524741
2025-07-24,De-escalation,,67.16,1.6805450416351242,-1.7985085538821524,-0.8854781582054435,-2.2843008875309287
2025-07-25,De-escalation,,66.38,-1.1614055985705796,-1.7465956187093055,-1.1172352152539848,-10.102925243770326
2025-07-28,De-escalation,,67.81,2.154263332329025,2.6646479939439898,-1.3816172193135583,-6.507652006066454
2025-07-29,De-escalation,,70.27,3.627783512756221,4.630732578916021,2.5390339997081495,-7.074847923829686
2025-07-30,De-escalation,,71.09,1.1669275651060302,7.095510695992781,3.9479456060827642,-6.3249439978916815
2025-07-31,De-escalation,,70.36,-1.0268673512449062,3.7605072998082836,4.144464179988154,-7.078711040676175
2025-08-01,De-escalation,,68.39,-2.7998862990335405,-2.6753949053650143,3.54277062831189,-1.398500576701267
2025-08-04,De-escalation,,67.33,-1.5499342009065686,-5.289070192713469,0.25312686122692335,2.8724216959511004
2025-08-05,De-escalation,,66.2,-1.678300905985438,-5.91245025582717,-0.27116601385958516,0.3334343740527415
2025-08-06,De-escalation,,65.38,-1.2386706948640593,-4.401228249744122,-3.5835422504055545,-1.5954244431065658
2025-08-07,De-escalation,,64.9,-0.7341694707861575,-3.6090895588890426,-7.641952469047944,-2.640264026402627
2025-08-08,De-escalation,,64.94,0.06163328197225275,-1.9033232628398868,-8.651005767337185,-2.0512820512820507
2025-08-11,De-escalation,,65.03,0.13858946720049803,-0.535331905781576,-7.575326890278565,-2.415966386554621
2025-08-12,De-escalation,,64.22,-1.2455789635552856,-1.0477657935285158,-6.097382658283377,-6.466647247305561
2025-08-13,De-escalation,,63.68,-0.8408595453129852,-1.9402525408068958,-5.421060448537054,-6.531630706003224
2025-08-14,De-escalation,,64.99,2.057160804020093,-0.06151007227434453,-1.8277945619335465,-6.0294968189705065
2025-08-15,De-escalation,,63.78,-1.8618248961378578,-0.6851448146994671,-2.447231569287235,-8.29618979151689
2025-08-18,De-escalation,,64.51,1.1445594230166258,1.3033919597990034,-0.6009244992295848,-7.326533544031022
2025-08-19,De-escalation,,63.38,-1.751666408308793,-2.4773042006462416,-2.4022174314752007,-6.491590439657714
2025-08-20,De-escalation,,64.19,1.2780056800252368,0.6428347444339866,-1.2917115177610385,-7.812724400402122
2025-08-21,De-escalation,,64.56,0.5764137716155235,0.07750736319949954,0.5294300840859598,-5.3233611966563945
2025-08-22,De-escalation,,64.08,-0.7434944237918277,1.1044493531082293,0.6281407035175857,-5.430932703659986
2025-08-25,De-escalation,,65.18,1.7166042446941456,1.5422963078361258,0.2923526696415017,-2.9048115596603434
2025-08-26,De-escalation,,63.6,-2.4240564590365223,-1.4869888475836444,-0.2822201317027277,-7.504363001745205
2025-08-27,De-escalation,,64.49,1.3993710691823795,0.6398252184768985,-0.03100294527981744,-5.895228367138489
2025-08-28,De-escalation,,64.96,0.7287951620406247,-0.3375268487266233,2.49289996844429,-5.015353121801443
2025-08-29,De-escalation,,64.36,-0.9236453201970357,1.1949685534591163,0.26483875993145617,-4.736530491415043
2025-09-02,Policy Uncertainty,US enforcement near Venezuela,65.95,2.4704785581106328,2.26391688633898,2.1530359355638176,-0.151400454201354
2025-09-03,Policy Uncertainty,,64.36,-2.410917361637609,-0.9236453201970357,0.4369538077403263,-4.169148302561044
2025-09-04,Policy Uncertainty,,63.81,-0.8545680546923512,-0.8545680546923512,-2.1018717397974904,-3.871648086773114
2025-09-05,Policy Uncertainty,,62.22,-2.4917724494593374,-5.655799848369983,-2.169811320754721,-8.243621884677781
2025-09-08,Policy Uncertainty,,62.6,0.6107360977177798,-2.7346177750155345,-2.9306869282059136,-10.915041980930688
2025-09-09,Policy Uncertainty,,62.97,0.5910543130990374,-1.3164080865068224,-3.0634236453201895,-11.422140948093972
2025-09-10,Policy Uncertainty,,64.01,1.6515801175162874,2.8768884603021636,-0.5438160348042174,-9.0250142126208
2025-09-11,Policy Uncertainty,,62.71,-2.0309326667708234,0.17571884984025468,-4.9128127369219134,-8.305307793537066
2025-09-12,Policy Uncertainty,,63.02,0.4943390208898138,0.07940289026521243,-2.0820385332504605,-6.401306995395804
2025-09-15,Policy Uncertainty,,63.66,1.0155506188511478,-0.5467895641306179,-0.23507287259051196,-3.8368580060423056
2025-09-16,Policy Uncertainty,,64.89,1.9321394910461893,3.476319566257375,4.291224686595953,-0.7494646680942106
2025-09-17,Policy Uncertainty,,64.41,-0.7397133610725904,2.205649000317349,2.891373801916925,-0.7550077041602604
2025-09-18,Policy Uncertainty,,63.91,-0.7762769756249029,0.3927112786679234,1.4927743369858626,-1.5860794579611968
2025-09-19,Policy Uncertainty,,63.02,-1.3925833202941535,-2.881799969178606,-1.546633338540856,-3.0908811317853266
2025-09-22,Policy Uncertainty,,62.99,-0.04760393525864985,-2.204626610774716,0.4464997608037014,-1.9152911865462425
2025-09-23,Policy Uncertainty,,63.76,1.2224162565486523,-0.2347050539821602,1.1742304030466437,0.1256281407035149
2025-09-24,Policy Uncertainty,,65.4,2.57214554579675,3.776578863852749,2.7332704995287607,0.6308662871211121
2025-09-25,Policy Uncertainty,,65.51,0.16819571865443336,4.000635021431978,0.9554630913854285,2.7124490435873376
2025-09-26,Policy Uncertainty,,66.5,1.5112196611204318,4.297365119196992,3.2448377581120997,3.084793055340249
2025-09-29,Policy Uncertainty,,64.27,-3.353383458646623,-1.727828746177385,0.563292129557189,1.404228463237604
2025-09-30,Policy Uncertainty,,63.17,-1.7115294849852098,-3.5719737444664985,0.23801967629323798,-1.589032559588715
2025-10-01,Policy Uncertainty,,62.59,-0.9181573531739722,-5.879699248120296,-0.6350214319733268,-3.0514250309789324
2025-10-02,Policy Uncertainty,,61.28,-2.09298610001598,-4.652248327368905,-3.889585947302379,-4.3695380774032415
2025-10-03,Policy Uncertainty,,61.65,0.6037859007832856,-2.4062054772835255,-5.73394495412845,-5.415771709113237
2025-10-06,Policy Uncertainty,,62.49,1.3625304136253096,-0.1597699312989318,-4.609983208670436,-1.7452830188679234
2025-10-07,Policy Uncertainty,,62.52,0.048007681228998456,2.0234986945169746,-5.984962406015033,-3.0547371685532516
2025-10-08,Policy Uncertainty,,63.37,1.3595649392194407,2.7899432278994305,-1.400342305896995,-2.447660098522162
2025-10-09,Policy Uncertainty,,62.36,-1.5938141076219,-0.2080332853256562,-1.2822542346050376,-3.107520198881293
2025-10-10,Policy Uncertainty,,59.75,-4.185375240538805,-4.430582213691624,-4.537466048889604,-9.401061410159215
2025-10-14,Policy Uncertainty,,59.52,-0.3849372384937186,-6.075430014202295,-2.872062663185375,-7.520198881292722
2025-10-15,Policy Uncertainty,,59.08,-0.7392473118279651,-5.259781911481721,-4.168694241686943,-7.412631249020536
2025-10-16,Policy Uncertainty,,58.29,-1.3371699390656724,-2.4435146443514655,-6.721075372059534,-6.316297010607522
2025-10-17,Policy Uncertainty,,58.3,0.017155601303822286,-2.0497311827957088,-6.7498400511836305,-6.8690095846645445
2025-10-20,Policy Uncertainty,,58.34,0.06861063464838123,-1.2525389302640402,-7.937509862711053,-7.352707638558037
2025-10-21,Policy Uncertainty,,58.66,0.5485087418580616,0.6347572482415464,-5.933290570878773,-8.358069051710682
2025-10-22,Policy Uncertainty,,59.3,1.091033071939994,1.7152658662092626,-0.7531380753138123,-5.4377292297879185
2025-10-23,Policy Uncertainty,,62.44,5.295109612141654,7.027768255056555,4.905913978494614,-0.9203427483338708
2025-10-24,Policy Uncertainty,,62.27,-0.27226137091607083,6.154108421411535,5.399458361543678,-2.1834747093936437
2025-10-27,Policy Uncertainty,,62.13,-0.22482736470210463,4.772344013490734,6.587750900669074,-4.253351826167357
2025-10-28,Policy Uncertainty,,60.97,-1.867052953484635,-2.354260089686097,4.579759862778734,-5.340785592299329
2025-10-29,Policy Uncertainty,,61.26,0.47564375922584734,-1.6219688453508994,5.005142269454909,-4.1464559536848675
2025-10-30,Policy Uncertainty,,61.36,0.16323865491348585,-1.2393368742958364,4.602795772246852,-2.6340844176451976
2025-10-31,Policy Uncertainty,,61.75,0.6355932203389839,1.2793176972281468,4.131534569983142,-1.9685664391173234
2025-11-03,Policy Uncertainty,,61.79,0.0647773279352213,0.8651648710414646,-1.0409993593850075,-3.0897114178168112
2025-11-04,Policy Uncertainty,,61.38,-0.6635377892862867,0.03259452411995294,-1.429259675606232,-6.1467889908256925
2025-11-05,Policy Uncertainty,,60.4,-1.5966112740306353,-2.1862348178137676,-2.7844841461451857,-7.800335826591369
2025-11-06,Policy Uncertainty,,60.24,-0.26490066225165,-2.5084965204725638,-1.197310152534028,-9.413533834586463
2025-11-07,Policy Uncertainty,,60.54,0.4980079681274853,-1.368523949169116,-1.1753183153770794,-5.803640889995328
2025-11-10,Policy Uncertainty,,60.94,0.6607201850016495,0.8940397350993364,-0.6844850065189076,-3.5301567199620134
2025-11-12,Policy Uncertainty,,59.3,-2.6911716442402374,-1.5604249667994767,-3.967611336032393,-5.256430739734792
2025-11-13,Policy Uncertainty,,59.54,0.4047217537942698,-1.6518004625041296,-3.641365916815019,-2.839425587467366
2025-11-14,Policy Uncertainty,,60.87,2.2337924084648946,-0.11486708237610811,-0.8308895405669682,-1.2652068126520701
2025-11-17,Policy Uncertainty,,60.66,-0.344997535731889,2.2934232715008425,0.4304635761589371,-2.9284685549688034
2025-11-18,Policy Uncertainty,,61.51,1.4012528849324126,3.308700033590861,2.108233731739701,-1.6154830454254718
2025-11-19,Policy Uncertainty,,60.27,-2.015932368720525,-0.9857072449482411,-0.44598612487610834,-4.891904686760288
2025-11-20,Policy Uncertainty,,60.07,-0.3318400530944132,-0.9726343554236669,-1.427633738103048,-3.672225785760101
2025-11-21,Policy Uncertainty,,58.86,-2.0143166305976377,-4.308242562185009,-0.7419898819561513,-1.489539748953976
2025-11-24,Policy Uncertainty,,59.11,0.42473666326877335,-1.9246723079475752,-0.7222035606315078,-0.6888440860215115
2025-11-25,Policy Uncertainty,,58.25,-1.454914566063271,-3.0297985683369406,-4.3042549696073555,-1.4048747461069706
2025-11-26,Policy Uncertainty,,58.81,0.9613733905579439,-0.08494733265374985,-3.0497856907352365,0.8920912677989418
2025-11-28,Policy Uncertainty,,58.58,-0.39108995068866514,-0.8966333953645764,-4.763453097057389,0.4802744425385954
2025-12-01,Policy Uncertainty,Venezuelan Oil Blockade,59.47,1.5192898600204858,2.094420600858367,-1.327360212377641,1.9369214946863136
2025-12-02,Policy Uncertainty,,58.81,-1.109803262148977,0.0,-2.097552855002494,0.25571087623594563
2025-12-03,Policy Uncertainty,,59.09,0.47610950518619477,0.8706043018095001,0.3907577302072782,-0.3541315345699726
2025-12-04,Policy Uncertainty,,59.82,1.235403621594173,0.5885320329577962,1.2011503975638655,-4.196028187059573
2025-12-05,Policy Uncertainty,,60.23,0.6853895018388442,2.4145553477299684,3.399141630901282,-3.276055885659236
2025-12-08,Policy Uncertainty,,59.04,-1.975759588245057,-0.08461668641056737,0.3910899506886531,-4.973442781265095
2025-12-09,Policy Uncertainty,,58.4,-1.084010840108402,-2.3737880307589463,-0.30727210652099646,-4.21518779727735
2025-12-10,Policy Uncertainty,,58.67,0.46232876712329307,-2.590071392993517,-1.3452160753320956,-4.227881162259218
2025-12-11,Policy Uncertainty,,57.76,-1.5510482358956938,-2.168021680216804,-1.7854106444482303,-5.867014341590615
2025-12-12,Policy Uncertainty,,57.61,-0.25969529085872334,-1.352739726027396,-2.5046539177525875,-6.704453441295548
2025-12-15,Policy Uncertainty,,56.97,-1.1109182433605287,-2.8975626384864546,-4.76429287863591,-7.80061498624373
2025-12-16,Policy Uncertainty,,55.44,-2.685624012638233,-4.016620498614959,-7.9528474182301165,-9.677419354838717
2025-12-17,Policy Uncertainty,,56.07,1.1363636363636411,-2.673147023086268,-5.030487804878047,-7.168874172185428
2025-12-18,Policy Uncertainty,,56.22,0.26752273943284927,-1.3164823591363874,-3.732876712328767,-6.673306772908372
2025-12-19,Policy Uncertainty,,56.8,1.031661330487368,2.4531024531024523,-3.1873189023351025,-6.177733729765448
2025-12-22,Policy Uncertainty,,58.18,2.429577464788737,3.7631532013554474,0.7271468144044351,-4.529044962257956
2025-12-23,Policy Uncertainty,,58.55,0.6359573736679227,4.144432586268229,1.6316611699357713,-1.2647554806070826
2025-12-24,Policy Uncertainty,,58.72,0.29035012809564764,3.380281690140848,3.0717921713182377,-1.3772253946926443
2025-12-26,Policy Uncertainty,,56.6,-3.610354223433238,-2.7157098659333077,2.092352092352099,-7.014949893215042
2025-12-29,Policy Uncertainty,,57.89,2.279151943462896,-1.1272416737830855,3.245942571785269,-4.566435872073848
2025-12-30,Policy Uncertainty,,57.79,-0.17274140611504823,-1.583787465940054,2.7926004980434014,-6.047797106161598
2025-12-31,Policy Uncertainty,,57.26,-0.9171136874891869,1.1660777385158951,0.8098591549295789,-4.994192799070856
2026-01-02,Military Escalation,US capture of Venezuelan President,57.21,-0.08732099196646377,-1.1746415615823107,-1.6672396012375368,-4.761112035958048
2026-01-05,Military Escalation,,58.1,1.5556720852997739,0.53642498702198,-0.7685738684884641,-1.2911994563370677
2026-01-06,Military Escalation,,56.97,-1.9449225473321903,-0.5064617534055172,-2.9802452316076296,-3.6203688039248867
2026-01-07,Military Escalation,,56.01,-1.6850974196945776,-2.097535395909811,-1.0424028268551295,-3.845493562231763
2026-01-08,Military Escalation,,57.74,3.0887341546152545,-0.6196213425129078,-0.2591121091725662,-1.8194184662472375
2026-01-09,Military Escalation,,58.96,2.1129199861447847,3.493066526241885,2.0245717252119775,0.6486855582109979
2026-01-12,Military Escalation,,59.39,0.7293080054274079,6.034636672022858,3.719874257771573,-0.13452160753320716
2026-01-13,Military Escalation,,60.85,2.4583263175618804,5.386214063041218,6.362524034259747,3.4687978234994032
2026-01-14,Military Escalation,,61.84,1.6269515201314741,4.88466757123474,6.437177280550778,4.653917752580808
2026-01-15,Geopolitical Tension,Iran internal unrest/crackdown,59.13,-4.382276843467013,-0.43778413874389294,3.791469194312803,-1.1534603811434265
2026-01-16,Geopolitical Tension,,59.4,0.45662100456620325,-2.382908792111755,6.052490626673809,-1.378050805246552
2026-01-20,Geopolitical Tension,,60.3,1.5151515151515127,-2.4902975420439946,4.43366816764807,2.134146341463411
2026-01-21,Geopolitical Tension,,60.38,0.13266998341626102,2.1139861322509725,2.408412483039352,3.3904109589041163
2026-01-22,Geopolitical Tension,,59.24,-1.888042398145082,-0.2693602693602636,-0.2525677723522455,0.9715357081983983
2026-01-23,Geopolitical Tension,,60.7,2.4645509790681985,0.6633499170812698,-0.24650780608052353,5.090027700831033
2026-01-26,Geopolitical Tension,,60.46,-0.3953871499176309,0.13249420337859935,-2.2315653298835745,4.947057802464852
2026-01-27,Geopolitical Tension,,62.04,2.6132980482963917,4.726536124240374,4.921359715880258,8.899420747761981
2026-01-28,Geopolitical Tension,,62.75,1.1444229529335925,3.3772652388797315,5.639730639730643,13.185425685425688
2026-01-29,Geopolitical Tension,,64.77,3.2191235059760896,7.128680119086991,7.412935323383082,15.516318887105395
2026-01-30,Geopolitical Tension,,64.5,-0.4168596572487202,3.9651837524177966,6.823451473998008,14.727854855923162
2026-02-02,Geopolitical Tension,,61.6,-4.49612403100775,-1.832669322709161,3.9837947332883177,8.450704225352121
2026-02-03,Geopolitical Tension,,62.62,1.6558441558441495,-3.3194380114250404,3.1630971993410126,7.631488484015121
2026-02-04,Geopolitical Tension,,64.56,3.0980517406579446,0.09302325581395701,6.781343036718495,10.264730999146037
2026-02-05,Geopolitical Tension,,62.9,-2.571251548946722,2.110389610389606,1.3862024500322363,7.118528610354223
2026-02-06,Geopolitical Tension,,63.77,1.3831478537360962,1.836473969977652,1.6254980079681327,12.667844522968199
2026-02-09,Geopolitical Tension,,64.53,1.1917829700486091,-0.04646840148699061,-0.3705419175544155,11.470029366039041
2026-02-10,Geopolitical Tension,,64.2,-0.5113900511390024,2.0667726550079557,-0.465116279069763,11.091884409067319
2026-02-11,Geopolitical Tension,,64.8,0.9345794392523276,1.6151795515132412,5.194805194805188,13.168005588543485
2026-02-12,Geopolitical Tension,,63.08,-2.6543209876543195,-2.2470168913683604,0.7345895879910586,10.260443978325464
2026-02-13,Geopolitical Tension,,63.05,-0.04755865567533472,-1.7912772585669872,-2.33890954151178,8.519793459552488
2026-02-17,Geopolitical Tension,,62.53,-0.8247422680412309,-3.5030864197530804,-0.588235294117643,9.759522555731092
2026-02-18,Geopolitical Tension,,65.33,4.477850631696781,3.5668991756499686,2.4462913595734594,16.639885734690235
2026-02-19,Geopolitical Tension,,66.66,2.035818153987446,5.725614591593972,3.300790330079026,15.448562521648759
2026-02-20,Policy Uncertainty,Insurance Premiums surge,66.69,0.04500450045004671,6.652806652806648,3.878504672897188,13.110583446404336
2026-02-23,Policy Uncertainty,,66.36,-0.49482681061628175,1.5766110515842664,2.407407407407411,11.735982488634448
2026-02-24,Policy Uncertainty,,65.62,-1.1151295961422467,-1.5601560156015482,4.026632847178196,7.838948233360727
2026-02-25,Policy Uncertainty,,65.3,-0.4876562023773352,-2.0842705053231376,3.5685963521015074,5.595084087968942
2026-02-26,Policy Uncertainty,,65.1,-0.3062787136294071,-1.8987341772151975,4.110027186950252,10.09639776763063
2026-02-27,Military Escalation,Opertion Epic Fury,66.96,2.8571428571428563,2.0420603474550276,2.4950252563906252,12.72727272727272
2026-03-02,Military Escalation,,71.13,6.227598566308247,8.928024502297088,6.705670567056704,17.960199004975124
2026-03-03,Military Escalation,,74.48,4.709686489526232,14.40860215053765,11.68091168091169,23.352103345478636
2026-03-04,Military Escalation,,74.58,0.13426423200858528,11.379928315412194,12.386980108499095,25.894665766374064
2026-03-05,Military Escalation,Iran close Strait of Hormuz,80.88,8.447304907481895,13.707296499367356,23.255105150868623,33.24546952224051
2026-03-06,Military Escalation,,90.77,12.227992087042534,21.871643394199776,39.00459418070444,50.13231888852133
2026-03-09,Military Escalation,,94.65,4.274540046270805,26.910699919549486,45.39170506912444,52.56286266924566
2026-03-10,Military Escalation,Tanker traffic collapses by 70%,83.71,-11.558372952984692,3.4990108803165167,25.014934289127837,33.402390438247004
2026-03-11,Military Escalation,,86.8,3.691315255047191,-4.373691748375013,22.03008575847041,34.01266018218311
2026-03-12,Military Escalation,,95.61,10.149769585253459,1.014263074484938,28.370032223415677,48.23255813953488
2026-03-13,Military Escalation,,98.48,3.001778056688636,17.64424799904433,32.046124966478956,59.87012987012987
2026-03-16,Military Escalation,,93.39,-5.1685621445978915,7.592165898617516,15.467359050445111,49.13765570105399
2026-03-17,Military Escalation,,96.01,2.805439554556167,0.4183662796778639,5.772832433623455,48.71437422552665
2026-03-18,Military Escalation,,96.12,0.11457139881262308,-2.396425670186839,1.55309033280507,52.8139904610493
2026-03-19,Military Escalation,,96.11,-0.01040366208906067,2.9125174001499077,14.813045036435321,50.713501646542255
2026-03-20,Military Escalation,US begins to open strait,98.71,2.7052335865154453,2.8122070617643877,13.721198156682025,52.96761196342785
2026-03-23,Military Escalation,Iraq/Kuwait production cuts,89.33,-9.502583324891091,-7.064086558468587,-6.56835059094237,39.14330218068535
2026-03-24,Military Escalation,,93.18,4.309862308295095,-3.048590157111635,-5.381803411860274,43.79629629629631
2026-03-25,Military Escalation,,91.51,-1.7922300922944854,-7.294093810150937,-2.013063497162432,45.0697526949905
2026-03-26,Military Escalation,,96.18,5.103267402469677,7.668196574499059,0.17706488907405657,52.545598731165754
2026-03-27,Military Escalation,Oil surges past $100,101.26,5.281763360365979,8.671388710023606,5.3474823137744485,61.938269630577324
2026-03-30,Military Escalation,,104.69,3.3873197708868186,14.402797508469012,8.927270835500986,60.24797183529772
2026-03-31,Military Escalation,,102.86,-1.7480179577801112,6.945310875441872,4.204234626684233,54.305430543054314
2026-04-01,Military Escalation,Qatar LNG tanker attacked,101.9,-0.9333074081275459,0.6320363420896707,14.071420575394614,52.79652121757387
2026-04-02,Military Escalation,,113.23,11.118743866535818,8.157417136307199,21.51749302425413,70.62989752863172
2026-04-03,Military Escalation,,111.54,-1.4925373134328337,8.438654481819956,21.888318216588353,69.97866504114599
2026-04-06,Military Escalation,,114.01,2.2144522144522134,11.884200196270852,18.53815762112705,74.59418070444106
2026-04-07,Military Escalation,,114.58,0.4999561441978714,1.1922635343990058,13.154256369741251,76.00614439324119
2026-04-08,Military Escalation,Ceasefire announced,96.17,-16.06737650549834,-13.77980993365609,-8.138313114910686,43.623058542413396
2026-04-09,Military Escalation,,99.62,3.5873973172507045,-12.621699850890272,-3.149912502430483,40.05342330943344
2026-04-10,Military Escalation,Mine laying by Iran on strait,98.34,-1.2848825537040764,-14.173503229184844,-3.4936211972522098,32.035445757250265
2026-04-13,Military Escalation,Tankers threatened on both sides,100.72,2.4201749033963753,4.731205157533531,-11.048308752097505,35.04961115580585
2026-04-14,Military Escalation,US naval blockade announced,92.1,-8.55837966640191,-7.548685003011453,-17.428725121032823,13.87240356083086
2026-04-15,Military Escalation,,93.04,1.0206297502714572,-5.389465121008742,-18.393123410227172,2.500826264184213
2026-04-16,De-escalation,Peace talks begin,100.72,8.25451418744625,0.0,-12.096351893873276,6.413100898045424
2026-04-17,De-escalation,Strait partially re-opens,83.99,-16.610405083399527,-8.805646036916395,-12.665072267859006,0.33448811372596005
2026-04-20,De-escalation,,87.56,4.250506012620559,-5.889939810834053,-12.106002810680588,0.8755760368663653
2026-04-21,De-escalation,Talks stall,90.0,2.7866605756052967,-10.643367752184272,-8.480780964002443,-5.867587072481958
2026-04-22,De-escalation,,91.4,1.555555555555562,8.822478866531744,-9.253375694996022,-7.1892770105605175
2026-04-23,De-escalation,,95.85,4.868708971553598,9.467793513019634,4.071661237785016,2.634115001606161
2026-04-24,De-escalation,,94.4,-1.512780386019811,4.8888888888888955,1.4617368873602745,-1.6769086553484005
